[LOGGING],1,2,3,4
DATETIME[YYYY/MM/DD hh:mm:ss.s],STRING[20],STRING[2],LONG[DEC.0],SHORT[DEC.0]
TIME,Code model ,Judge,VaccumAct,VaccumSpec
2023/11/10 14:08:46.4,,OK123,68,660
2023/11/10 14:09:21.0,,OK,48,660
2023/11/10 14:09:47.0,,OK,86,660
2023/11/10 14:10:11.9,,OK,150,660
2023/11/10 14:10:35.0,,OK,61,660
2023/11/10 14:11:36.6,,OK,120,660
2023/11/10 14:12:00.4,,OK,62,660
2023/11/10 14:12:26.5,,OK,67,660
2023/11/10 14:12:53.8,,OK,48,660
2023/11/10 14:13:16.2,,OK,76,660
2023/11/10 14:13:41.0,,OK,41,660
2023/11/10 14:14:04.4,,OK,65,660
2023/11/10 14:14:29.3,,NG,120,660
2023/11/10 14:14:53.6,,OK,210,660
2023/11/10 14:15:16.8,,OK,99999,660
2023/11/10 14:15:44.9,,OK,76,660
2023/11/10 14:16:08.7,,OK,41,660
2023/11/10 14:16:35.0,,OK,67,660
2023/11/10 14:17:00.0,,OK,83,660
2023/11/10 14:17:38.3,,OK,74,660
2023/11/10 14:18:11.3,,OK,120,660
2023/11/10 14:18:58.7,,OK,73,660
2023/11/10 14:19:23.8,,OK,72,660
2023/11/10 14:20:01.0,,OK,100,660
2023/11/10 14:20:25.1,,OK,110,660
2023/11/10 14:20:49.6,,OK,86,660
2023/11/10 14:21:17.9,,OK,60,660
2023/11/10 14:21:44.9,,OK,40,660
2023/11/10 14:22:12.9,,OK,90,660
2023/11/10 14:22:37.2,,OK,160,660
2023/11/10 14:23:05.1,,OK,86,660
2023/11/10 14:23:32.2,,OK,190,660
2023/11/10 14:23:56.3,,OK,66,660
2023/11/10 14:24:27.9,,OK,100,660
2023/11/10 14:24:56.8,,OK,42,660
2023/11/10 14:25:19.5,,OK,75,660
2023/11/10 14:25:45.3,,OK,55,660
2023/11/10 14:26:11.6,,OK,0,0
2023/11/10 14:26:44.1,,NG,0,0
2023/11/10 14:27:16.1,,OK,0,0
2023/11/10 14:27:35.8,,OK,0,0
2023/11/10 14:28:02.0,,OK,0,0
2023/11/10 14:28:23.8,,OK,0,0
2023/11/10 14:29:01.4,,OK,0,0
2023/11/10 14:29:27.8,,OK,0,0
2023/11/10 14:29:55.4,,OK,0,0
2023/11/10 14:30:21.3,,OK,0,0
2023/11/10 14:30:46.9,,OK,0,0
2023/11/10 14:31:17.8,,OK,0,0
2023/11/10 14:31:44.6,,OK,0,0
2023/11/10 14:32:07.7,,OK,0,0
2023/11/10 14:32:36.6,,OK,0,0
2023/11/10 14:33:00.4,,OK,0,0
2023/11/10 14:33:31.2,,OK,0,0
2023/11/10 14:36:29.4,,OK,0,0
2023/11/10 14:36:55.0,,OK,0,0
2023/11/10 14:37:23.2,,OK,0,0
2023/11/10 14:38:13.5,,OK,0,0
2023/11/10 14:38:37.2,,OK,0,0
2023/11/10 14:39:06.6,,OK,0,0
2023/11/10 14:39:34.4,,OK,0,0
2023/11/10 14:40:02.1,,OK,0,0
2023/11/10 14:40:27.3,,OK,0,0
2023/11/10 14:40:50.0,,OK,0,0
2023/11/10 14:41:16.2,,NG,0,0
2023/11/10 14:41:43.0,,OK,0,0
2023/11/10 14:42:08.7,,OK,0,0
2023/11/10 14:42:34.6,,OK,0,0
2023/11/10 14:42:59.6,,OK,0,0
2023/11/10 14:43:29.4,,OK,0,0
2023/11/10 14:43:53.2,,OK,0,0
2023/11/10 14:44:21.0,,OK,0,0
2023/11/10 14:44:52.3,,OK,0,0
2023/11/10 14:45:16.4,,OK,0,0
2023/11/10 14:45:43.9,,OK,0,0
2023/11/10 14:46:04.2,,OK,0,0
2023/11/10 14:46:31.4,,OK,0,0
2023/11/10 14:46:55.2,,OK,0,0
2023/11/10 14:47:34.2,,OK,0,0
2023/11/10 14:48:01.5,,OK,0,0
2023/11/10 14:48:27.7,,OK,0,0
2023/11/10 14:48:51.9,,OK,0,0
2023/11/10 14:49:17.4,,OK,0,0
2023/11/10 14:49:48.7,,OK,0,0
2023/11/10 14:50:12.5,,OK,0,0
2023/11/10 14:50:45.6,,OK,0,0
2023/11/10 14:51:06.5,,OK,0,0
2023/11/10 14:51:43.9,,OK,0,0
2023/11/10 14:52:07.7,,OK,0,0
2023/11/10 14:52:29.1,,OK,0,0
2023/11/10 14:52:55.3,,NG,0,0
2023/11/10 14:53:54.1,,OK,0,0
2023/11/10 14:54:42.3,,OK,0,0
2023/11/10 14:55:09.1,,OK,0,0
2023/11/10 14:55:31.9,,OK,0,0
2023/11/10 14:56:23.8,,OK,0,0
2023/11/10 14:56:53.3,,OK,0,0
2023/11/10 14:57:20.2,,OK,0,0
2023/11/10 14:57:45.0,,OK,0,0
2023/11/10 14:58:15.3,,OK,0,0
2023/11/10 14:58:46.5,,OK,0,0
2023/11/10 14:59:10.7,,OK,0,0
2023/11/10 14:59:34.0,,OK,0,0
2023/11/10 15:00:05.9,,OK,0,0
2023/11/10 15:00:26.0,,OK,0,0
2023/11/10 15:00:55.0,,OK,0,0
2023/11/10 15:01:18.6,,OK,0,0
2023/11/10 15:01:42.7,,OK,0,0
2023/11/10 15:02:18.3,,OK,0,0
2023/11/10 15:02:45.0,,OK,0,0
2023/11/10 15:03:08.6,,OK,0,0
2023/11/10 15:03:36.3,,OK,0,0
2023/11/10 15:04:02.1,,OK,0,0
2023/11/10 15:04:38.2,,OK,0,0
2023/11/10 15:04:58.8,,OK,0,0
2023/11/10 15:05:24.3,,OK,0,0
2023/11/10 15:05:48.3,,NG,0,0
2023/11/10 15:06:18.0,,OK,0,0
2023/11/10 15:06:42.4,,OK,0,0
2023/11/10 15:07:11.0,,OK,0,0
2023/11/10 15:07:34.6,,OK,0,0
2023/11/10 15:08:02.0,,OK,0,0
2023/11/10 15:08:41.2,,OK,0,0
2023/11/10 15:09:05.9,,OK,0,0
2023/11/10 15:09:32.2,,OK,0,0
2023/11/10 15:10:05.2,,OK,0,0
2023/11/10 15:10:37.4,,OK,0,0
2023/11/10 15:10:57.4,,OK,0,0
2023/11/10 15:11:21.9,,OK,0,0
2023/11/10 15:12:18.0,,OK,0,0
2023/11/10 15:13:15.5,,OK,0,0
2023/11/10 15:13:46.1,,OK,0,0
2023/11/10 15:14:12.1,,OK,0,0
2023/11/10 15:15:16.6,,OK,0,0
2023/11/10 15:15:36.1,,OK,0,0
2023/11/10 15:16:01.5,,OK,0,0
2023/11/10 15:16:26.3,,OK,0,0
2023/11/10 15:17:13.8,,OK,0,0
2023/11/10 15:17:43.4,,OK,0,0
2023/11/10 15:18:02.8,,OK,0,0
2023/11/10 15:18:45.5,,OK,0,0
2023/11/10 15:19:09.7,,OK,0,0
2023/11/10 15:19:35.9,,NG,0,0
2023/11/10 15:20:05.3,,OK,0,0
2023/11/10 15:20:42.6,,OK,0,0
2023/11/10 15:21:10.7,,OK,0,0
2023/11/10 15:21:35.7,,OK,0,0
2023/11/10 15:22:06.4,,OK,0,0
2023/11/10 15:22:28.6,,OK,0,0
2023/11/10 15:22:54.0,,OK,0,0
2023/11/10 15:23:17.4,,OK,0,0
2023/11/10 15:23:46.8,,OK,0,0
2023/11/10 15:24:14.7,,OK,0,0
2023/11/10 15:24:40.0,,OK,0,0
2023/11/10 15:25:07.5,,OK,0,0
2023/11/10 15:25:32.0,,OK,0,0
2023/11/10 15:25:57.8,,OK,0,0
2023/11/10 15:26:26.8,,OK,0,0
2023/11/10 15:26:51.5,,OK,0,0
2023/11/10 15:28:00.9,,OK,0,0
2023/11/10 15:28:27.3,,OK,0,0
2023/11/10 15:28:56.1,,OK,0,0
2023/11/10 15:29:20.5,,OK,0,0
2023/11/10 15:30:11.3,,OK,0,0
2023/11/10 15:30:37.3,,OK,0,0
2023/11/10 15:31:01.6,,OK,0,0
2023/11/10 15:31:29.9,,OK,0,0
2023/11/10 15:32:27.3,,OK,0,0
2023/11/10 15:32:53.0,,NG,0,0
2023/11/10 15:33:21.1,,OK,0,0
2023/11/10 15:33:46.2,,OK,0,0
2023/11/10 15:34:11.6,,OK,0,0
2023/11/10 15:34:40.3,,OK,0,0
2023/11/10 15:35:03.8,,OK,0,0
2023/11/10 15:35:31.0,,OK,0,0
2023/11/10 15:36:18.6,,OK,0,0
2023/11/10 15:36:45.9,,OK,0,0
2023/11/10 15:37:26.9,,OK,0,0
2023/11/10 15:37:53.9,,OK,0,0
2023/11/10 15:38:15.1,,OK,0,0
2023/11/10 15:38:37.8,,OK,0,0
2023/11/10 15:39:08.9,,OK,0,0
2023/11/10 15:39:28.5,,OK,0,0
2023/11/10 15:39:55.4,,OK,0,0
2023/11/10 15:40:23.3,,OK,0,0
2023/11/10 15:40:48.0,,OK,0,0
2023/11/10 15:41:13.2,,OK,0,0
2023/11/10 15:41:42.4,,OK,0,0
2023/11/10 15:42:08.6,,OK,0,0
2023/11/10 15:42:46.2,,OK,0,0
2023/11/10 15:43:06.0,,OK,0,0
2023/11/10 15:43:30.4,,OK,0,0
2023/11/10 15:43:59.0,,OK,0,0
2023/11/10 15:44:21.5,,OK,0,0
2023/11/10 15:44:47.2,,NG,0,0
2023/11/10 15:45:11.3,,OK,0,0
2023/11/10 15:45:39.6,,OK,0,0
2023/11/10 15:46:03.5,,OK,0,0
2023/11/10 15:46:29.3,,OK,0,0
2023/11/10 15:46:56.8,,OK,0,0
2023/11/10 15:47:26.6,,OK,0,0
2023/11/10 15:48:19.2,,OK,0,0
2023/11/10 15:48:57.9,,OK,0,0
2023/11/10 15:49:17.3,,OK,0,0
2023/11/10 15:49:46.9,,OK,0,0
2023/11/10 15:50:09.9,,OK,0,0
2023/11/10 15:50:37.3,,OK,0,0
2023/11/10 15:51:01.4,,OK,0,0
2023/11/10 15:51:26.9,,OK,0,0
2023/11/10 15:52:15.2,,OK,0,0
2023/11/10 15:52:41.0,,OK,0,0
2023/11/10 15:53:03.6,,OK,0,0
2023/11/10 15:53:27.8,,OK,0,0
2023/11/10 15:54:16.3,,OK,0,0
2023/11/10 15:55:10.1,,OK,0,0
2023/11/10 15:55:36.8,,OK,0,0
2023/11/10 15:56:07.4,,OK,0,0
2023/11/10 15:56:30.6,,OK,0,0
2023/11/10 15:56:59.3,,OK,0,0
2023/11/10 15:57:22.3,,OK,0,0
2023/11/10 15:58:10.0,,NG,0,0
2023/11/10 15:58:41.8,,NG,0,0
2023/11/10 15:59:06.4,,OK,0,0
2023/11/10 16:00:12.0,,OK,0,0
2023/11/10 16:11:09.3,,OK,0,0
2023/11/10 16:11:38.0,,OK,0,0
2023/11/10 16:12:05.2,,OK,0,0
2023/11/10 16:12:30.2,,OK,0,0
2023/11/10 16:12:55.5,,OK,0,0
2023/11/10 16:13:27.2,,OK,0,0
2023/11/10 16:13:55.9,,OK,0,0
2023/11/10 16:14:47.7,,OK,0,0
2023/11/10 16:15:11.9,,OK,0,0
2023/11/10 16:15:34.9,,OK,0,0
2023/11/10 16:16:01.8,,OK,0,0
2023/11/10 16:16:27.8,,OK,0,0
2023/11/10 16:19:28.8,,OK,0,0
2023/11/10 16:19:55.2,,OK,0,0
2023/11/10 16:20:20.5,,OK,0,0
2023/11/10 16:20:49.1,,OK,0,0
2023/11/10 16:21:16.3,,OK,0,0
2023/11/10 16:21:42.7,,OK,0,0
2023/11/10 16:22:09.1,,OK,0,0
2023/11/10 16:23:10.6,,OK,0,0
2023/11/10 16:23:38.7,,OK,0,0
2023/11/10 16:24:06.7,,OK,0,0
2023/11/10 16:24:31.2,,NG,0,0
2023/11/10 16:24:58.9,,OK,0,0
2023/11/10 16:25:20.9,,OK,0,0
2023/11/10 16:25:48.8,,OK,0,0
2023/11/10 16:29:29.7,,OK,0,0
2023/11/10 16:29:58.1,,OK,0,0
2023/11/10 16:30:36.1,,OK,0,0
2023/11/10 16:31:04.1,,OK,0,0
2023/11/10 16:31:29.4,,OK,0,0
2023/11/10 16:32:00.8,,OK,0,0
2023/11/10 16:32:22.1,,OK,0,0
2023/11/10 16:32:46.2,,OK,0,0
2023/11/10 16:33:09.6,,OK,0,0
2023/11/10 16:33:39.0,,OK,0,0
2023/11/10 16:34:05.5,,OK,0,0
2023/11/10 16:34:28.7,,NG,0,0
2023/11/10 16:34:52.5,,OK,0,0
2023/11/10 16:35:18.8,,OK,0,0
2023/11/10 16:35:44.0,,OK,0,0
2023/11/10 16:36:11.4,,OK,0,0
2023/11/10 16:36:35.6,,OK,0,0
2023/11/10 16:37:08.7,,OK,0,0
2023/11/10 16:37:30.4,,OK,0,0
2023/11/10 16:38:06.1,,OK,0,0
2023/11/10 16:38:27.8,,OK,0,0
2023/11/10 16:38:52.7,,OK,0,0
2023/11/10 16:39:17.4,,NG,0,0
2023/11/10 16:39:46.4,,OK,0,0
2023/11/10 16:40:13.8,,OK,0,0
2023/11/10 16:40:37.4,,OK,0,0
2023/11/10 16:41:03.4,,OK,0,0
2023/11/10 16:41:30.2,,OK,0,0
2023/11/10 16:42:10.3,,OK,0,0
2023/11/10 16:42:33.9,,OK,0,0
2023/11/10 16:43:00.8,,OK,0,0
2023/11/10 16:43:32.0,,OK,0,0
2023/11/10 16:44:36.6,,OK,0,0
2023/11/10 16:44:56.3,,OK,0,0
2023/11/10 16:45:21.3,,OK,0,0
2023/11/10 16:45:50.7,,OK,0,0
2023/11/10 16:46:16.7,,OK,0,0
2023/11/10 16:46:42.0,,OK,0,0
2023/11/10 16:47:05.8,,OK,0,0
2023/11/10 16:47:29.1,,OK,0,0
2023/11/10 16:47:54.5,,OK,0,0
2023/11/10 16:48:27.5,,OK,0,0
2023/11/10 16:48:51.0,,OK,0,0
2023/11/10 16:49:16.4,,OK,0,0
2023/11/10 16:49:44.2,,OK,0,0
2023/11/10 16:50:13.8,,OK,0,0
2023/11/10 16:50:41.6,,OK,0,0
2023/11/10 16:51:12.5,,OK,0,0
2023/11/10 16:52:06.2,,NG,0,0
2023/11/10 16:52:36.7,,OK,0,0
2023/11/10 16:52:59.0,,OK,0,0
2023/11/10 16:53:25.3,,OK,0,0
2023/11/10 16:53:49.9,,OK,0,0
2023/11/10 16:54:17.9,,OK,0,0
2023/11/10 16:54:46.0,,OK,0,0
2023/11/10 16:55:11.1,,OK,0,0
2023/11/10 16:55:38.3,,OK,0,0
2023/11/10 16:56:34.7,,OK,0,0
2023/11/10 16:56:58.0,,OK,0,0
2023/11/10 16:57:18.3,,OK,0,0
2023/11/10 16:57:45.2,,OK,0,0
2023/11/10 16:58:10.5,,OK,0,0
2023/11/10 16:59:05.0,,OK,0,0
2023/11/10 16:59:31.3,,OK,0,0
2023/11/10 16:59:52.9,,OK,0,0
2023/11/10 17:00:17.4,,NG,0,0
2023/11/10 17:00:42.0,,OK,0,0
2023/11/10 17:01:11.9,,OK,0,0
2023/11/10 17:01:43.9,,OK,0,0
2023/11/10 17:02:13.2,,OK,0,0
2023/11/10 17:02:43.4,,OK,0,0
2023/11/10 17:03:11.3,,OK,0,0
2023/11/10 17:03:31.1,,OK,0,0
2023/11/10 17:03:54.4,,OK,0,0
2023/11/10 17:04:21.7,,NG,0,0
2023/11/10 17:04:49.3,,NG,0,0
2023/11/10 17:05:12.3,,OK,0,0
2023/11/10 17:05:39.3,,OK,0,0
2023/11/10 17:06:12.9,,OK,0,0
2023/11/10 17:06:32.3,,OK,0,0
2023/11/10 17:06:59.9,,OK,0,0
2023/11/10 17:07:27.3,,OK,0,0
2023/11/10 17:08:03.8,,OK,0,0
2023/11/10 17:08:23.5,,OK,0,0
2023/11/10 17:08:51.8,,OK,0,0
2023/11/10 17:09:20.7,,OK,0,0
2023/11/10 17:09:44.7,,OK,0,0
2023/11/10 17:10:10.6,,OK,0,0
2023/11/10 17:10:47.9,,OK,0,0
2023/11/10 17:11:14.4,,OK,0,0
2023/11/10 17:11:41.7,,OK,0,0
2023/11/10 17:12:12.9,,OK,0,0
2023/11/10 17:12:32.6,,OK,0,0
2023/11/10 17:13:21.4,,OK,0,0
2023/11/10 17:13:47.0,,OK,0,0
2023/11/10 17:14:14.1,,OK,0,0
2023/11/10 17:14:52.2,,OK,0,0
2023/11/10 17:15:17.3,,OK,0,0
2023/11/10 17:15:55.1,,OK,0,0
2023/11/10 17:16:23.0,,OK,0,0
2023/11/10 17:17:02.0,,NG,0,0
2023/11/10 17:17:28.9,,OK,0,0
2023/11/10 17:17:55.6,,OK,0,0
2023/11/10 17:18:36.5,,OK,0,0
2023/11/10 17:19:01.7,,OK,0,0
2023/11/10 17:19:28.7,,OK,0,0
2023/11/10 17:19:54.1,,OK,0,0
2023/11/10 17:20:21.7,,OK,0,0
2023/11/10 17:20:49.0,,OK,0,0
2023/11/10 17:21:16.0,,OK,0,0
2023/11/10 17:21:45.9,,OK,0,0
2023/11/10 17:22:08.6,,OK,0,0
2023/11/10 17:24:13.2,,OK,0,0
2023/11/10 17:24:38.0,,OK,0,0
2023/11/10 17:25:05.6,,OK,0,0
2023/11/10 17:25:33.6,,OK,0,0
2023/11/10 17:25:58.2,,OK,0,0
2023/11/10 17:26:22.0,,OK,0,0
2023/11/10 17:26:46.3,,OK,0,0
2023/11/10 17:27:09.5,,OK,0,0
2023/11/10 17:27:36.5,,OK,0,0
2023/11/10 17:28:00.9,,OK,0,0
2023/11/10 17:28:29.3,,OK,0,0
2023/11/10 17:29:01.5,,OK,0,0
2023/11/10 17:29:20.9,,OK,0,0
2023/11/10 17:29:46.9,,OK,0,0
2023/11/10 17:30:13.2,,NG,0,0
2023/11/10 17:30:45.1,,OK,0,0
2023/11/10 17:31:08.7,,NG,0,0
2023/11/10 17:31:34.6,,OK,0,0
2023/11/10 17:31:59.7,,OK,0,0
2023/11/10 17:32:25.9,,OK,0,0
2023/11/10 17:32:55.2,,OK,0,0
2023/11/10 17:33:25.7,,OK,0,0
2023/11/10 17:33:52.0,,OK,0,0
2023/11/10 17:34:20.7,,OK,0,0
2023/11/10 17:34:48.9,,OK,0,0
2023/11/10 17:35:13.9,,OK,0,0
2023/11/10 17:35:38.7,,OK,0,0
2023/11/10 17:36:03.8,,OK,0,0
2023/11/10 17:36:29.2,,OK,0,0
2023/11/10 17:37:02.8,,OK,0,0
2023/11/10 17:37:28.9,,OK,0,0
2023/11/10 17:37:51.6,,OK,0,0
2023/11/10 17:38:16.6,,OK,0,0
2023/11/10 17:38:46.1,,OK,0,0
2023/11/10 17:39:11.2,,OK,0,0
2023/11/10 17:39:41.6,,OK,0,0
2023/11/10 17:40:04.8,,OK,0,0
2023/11/10 17:40:27.4,,OK,0,0
2023/11/10 17:40:54.9,,OK,0,0
2023/11/10 17:41:27.5,,OK,0,0
2023/11/10 17:41:47.1,,NG,0,0
2023/11/10 17:42:14.2,,OK,0,0
2023/11/10 17:42:38.7,,OK,0,0
2023/11/10 17:43:14.4,,OK,0,0
2023/11/10 17:43:38.5,,OK,0,0
2023/11/10 17:44:04.0,,OK,0,0
2023/11/10 17:44:28.6,,OK,0,0
2023/11/10 17:44:58.8,,OK,0,0
2023/11/10 17:45:24.0,,OK,0,0
2023/11/10 17:45:56.2,,OK,0,0
2023/11/10 17:46:26.8,,OK,0,0
2023/11/10 17:46:46.5,,OK,0,0
2023/11/10 17:47:15.4,,OK,0,0
2023/11/10 17:47:37.9,,OK,0,0
2023/11/10 17:48:02.3,,OK,0,0
2023/11/10 17:48:29.7,,OK,0,0
2023/11/10 17:48:54.9,,OK,0,0
2023/11/10 17:50:05.0,,OK,0,0
2023/11/10 17:51:25.1,,OK,0,0
2023/11/10 17:51:54.1,,OK,0,0
2023/11/10 17:52:20.7,,OK,0,0
2023/11/10 17:52:49.2,,OK,0,0
2023/11/10 17:53:20.7,,OK,0,0
2023/11/10 17:53:40.1,,OK,0,0
2023/11/10 17:54:06.1,,OK,0,0
2023/11/10 17:54:31.7,,OK,0,0
2023/11/10 17:54:59.0,,NG,0,0
2023/11/10 17:55:27.7,,OK,0,0
2023/11/10 17:55:53.8,,OK,0,0
2023/11/10 17:56:22.6,,OK,0,0
2023/11/10 17:56:44.3,,OK,0,0
2023/11/10 17:57:10.3,,OK,0,0
2023/11/10 17:57:36.7,,OK,0,0
2023/11/10 17:58:08.5,,OK,0,0
2023/11/10 17:58:33.0,,OK,0,0
2023/11/10 17:59:22.7,,OK,0,0
2023/11/10 17:59:48.8,,OK,0,0
2023/11/10 18:00:08.6,,OK,0,0
2023/11/10 18:31:14.4,,OK,0,0
2023/11/10 18:31:41.0,,OK,0,0
2023/11/10 18:32:04.7,,OK,0,0
2023/11/10 18:32:33.4,,OK,0,0
2023/11/10 18:32:59.4,,OK,0,0
2023/11/10 18:33:27.4,,OK,0,0
2023/11/10 18:33:52.2,,OK,0,0
2023/11/10 18:34:20.3,,OK,0,0
2023/11/10 18:34:44.6,,OK,0,0
2023/11/10 18:35:12.5,,OK,0,0
2023/11/10 18:35:40.0,,OK,0,0
2023/11/10 18:36:06.0,,OK,0,0
2023/11/10 18:36:34.8,,OK,0,0
2023/11/10 18:37:02.1,,OK,0,0
2023/11/10 18:37:26.1,,NG,0,0
2023/11/10 18:37:52.8,,OK,0,0
2023/11/10 18:38:17.5,,OK,0,0
2023/11/10 18:38:54.7,,OK,0,0
2023/11/10 18:39:20.5,,OK,0,0
2023/11/10 18:39:56.3,,OK,0,0
2023/11/10 18:40:21.8,,OK,0,0
2023/11/10 18:40:45.4,,OK,0,0
2023/11/10 18:41:09.6,,OK,0,0
2023/11/10 18:41:38.2,,OK,0,0
2023/11/10 18:42:06.4,,OK,0,0
2023/11/10 18:42:29.9,,OK,0,0
2023/11/10 18:42:54.6,,OK,0,0
2023/11/10 18:43:19.5,,OK,0,0
2023/11/10 18:43:44.7,,OK,0,0
2023/11/10 18:44:13.4,,OK,0,0
2023/11/10 18:44:39.4,,OK,0,0
2023/11/10 18:45:23.0,,NG,0,0
2023/11/10 18:45:51.5,,OK,0,0
2023/11/10 18:46:18.0,,OK,0,0
2023/11/10 18:46:42.1,,OK,0,0
2023/11/10 18:47:10.8,,OK,0,0
2023/11/10 18:47:35.5,,OK,0,0
2023/11/10 18:48:03.6,,OK,0,0
2023/11/10 18:48:29.5,,OK,0,0
2023/11/10 18:48:54.7,,OK,0,0
2023/11/10 18:49:30.3,,NG,0,0
2023/11/10 18:49:50.0,,OK,0,0
2023/11/10 18:50:16.9,,OK,0,0
2023/11/10 18:50:41.9,,OK,0,0
2023/11/10 18:51:07.9,,OK,0,0
2023/11/10 18:51:34.9,,OK,0,0
2023/11/10 18:52:01.7,,OK,0,0
2023/11/10 18:52:29.5,,OK,0,0
2023/11/10 18:53:05.6,,OK,0,0
2023/11/10 18:53:30.3,,OK,0,0
2023/11/10 18:53:57.6,,OK,0,0
2023/11/10 18:54:17.0,,OK,0,0
2023/11/10 18:54:41.7,,OK,0,0
2023/11/10 18:55:05.8,,OK,0,0
2023/11/10 18:55:30.6,,OK,0,0
2023/11/10 18:56:02.6,,OK,0,0
2023/11/10 18:56:51.2,,OK,0,0
2023/11/10 18:57:23.6,,OK,0,0
2023/11/10 18:57:43.0,,OK,0,0
2023/11/10 18:58:13.1,,OK,0,0
2023/11/10 18:58:36.9,,OK,0,0
2023/11/10 18:59:11.4,,OK,0,0
2023/11/10 18:59:46.0,,OK,0,0
2023/11/10 19:00:11.5,,OK,0,0
2023/11/10 19:00:38.9,,OK,0,0
2023/11/10 19:01:04.4,,OK,0,0
2023/11/10 19:01:30.4,,NG,0,0
2023/11/10 19:02:00.2,,OK,0,0
2023/11/10 19:02:25.2,,OK,0,0
2023/11/10 19:02:51.4,,OK,0,0
2023/11/10 19:03:15.8,,OK,0,0
2023/11/10 19:04:08.6,,OK,0,0
2023/11/10 19:04:38.5,,OK,0,0
2023/11/10 19:05:04.4,,OK,0,0
2023/11/10 19:05:31.1,,OK,0,0
2023/11/10 19:05:54.7,,OK,0,0
2023/11/10 19:06:22.6,,OK,0,0
2023/11/10 19:06:46.3,,OK,0,0
2023/11/10 19:07:13.5,,OK,0,0
2023/11/10 19:07:38.3,,OK,0,0
2023/11/10 19:08:05.5,,OK,0,0
2023/11/10 19:08:31.2,,OK,0,0
2023/11/10 19:08:57.7,,OK,0,0
2023/11/10 19:09:59.5,,OK,0,0
2023/11/10 19:10:25.5,,OK,0,0
2023/11/10 19:11:22.6,,OK,0,0
2023/11/10 19:11:55.3,,OK,0,0
2023/11/10 19:12:20.3,,OK,0,0
2023/11/10 19:12:40.6,,OK,0,0
2023/11/10 19:13:05.5,,OK,0,0
2023/11/10 19:13:34.2,,OK,0,0
2023/11/10 19:13:57.0,,OK,0,0
2023/11/10 19:14:24.2,,NG,0,0
2023/11/10 19:14:53.3,,OK,0,0
2023/11/10 19:15:19.4,,OK,0,0
2023/11/10 19:15:46.9,,OK,0,0
2023/11/10 19:16:14.0,,OK,0,0
2023/11/10 19:16:40.2,,OK,0,0
2023/11/10 19:17:05.9,,OK,0,0
2023/11/10 19:17:32.4,,OK,0,0
2023/11/10 19:18:03.1,,OK,0,0
2023/11/10 19:18:29.1,,OK,0,0
2023/11/10 19:18:50.6,,OK,0,0
2023/11/10 19:19:13.5,,OK,0,0
2023/11/10 19:19:39.7,,OK,0,0
2023/11/10 19:20:05.0,,OK,0,0
2023/11/10 19:20:30.8,,OK,0,0
2023/11/10 19:21:27.2,,OK,0,0
2023/11/10 19:21:48.3,,OK,0,0
2023/11/10 19:22:13.9,,OK,0,0
2023/11/10 19:22:38.7,,OK,0,0
2023/11/10 19:23:06.0,,OK,0,0
2023/11/10 19:23:29.9,,OK,0,0
2023/11/10 19:23:56.0,,OK,0,0
2023/11/10 19:24:22.1,,OK,0,0
2023/11/10 19:24:56.1,,OK,0,0
2023/11/10 19:25:16.0,,OK,0,0
2023/11/10 19:25:40.4,,OK,0,0
2023/11/10 19:26:05.1,,NG,0,0
2023/11/10 19:26:33.0,,OK,0,0
2023/11/10 19:26:56.3,,OK,0,0
2023/11/10 19:27:22.2,,OK,0,0
2023/11/10 19:27:47.0,,OK,0,0
2023/11/10 19:28:13.1,,OK,0,0
2023/11/10 19:28:38.4,,OK,0,0
2023/11/10 19:29:29.0,,OK,0,0
2023/11/10 19:29:55.5,,OK,0,0
2023/11/10 19:30:35.1,,OK,0,0
2023/11/10 19:31:02.5,,OK,0,0
2023/11/10 19:31:34.1,,OK,0,0
2023/11/10 19:32:00.7,,OK,0,0
2023/11/10 19:32:23.3,,OK,0,0
2023/11/10 19:32:49.4,,OK,0,0
2023/11/10 19:33:18.8,,OK,0,0
2023/11/10 19:33:44.2,,OK,0,0
2023/11/10 19:34:17.3,,OK,0,0
2023/11/10 19:34:43.0,,OK,0,0
2023/11/10 19:35:10.3,,OK,0,0
2023/11/10 19:35:39.7,,OK,0,0
2023/11/10 19:36:13.2,,OK,0,0
2023/11/10 19:36:34.0,,OK,0,0
2023/11/10 19:37:03.1,,OK,0,0
2023/11/10 19:37:37.5,,OK,0,0
2023/11/10 19:38:01.1,,OK,0,0
2023/11/10 19:38:28.2,,NG,0,0
2023/11/10 19:38:52.8,,OK,0,0
2023/11/10 19:39:27.3,,OK,0,0
2023/11/10 19:39:52.2,,OK,0,0
2023/11/10 19:40:18.6,,OK,0,0
2023/11/10 19:41:05.2,,OK,0,0
2023/11/10 19:41:41.4,,OK,0,0
2023/11/10 19:42:08.7,,OK,0,0
2023/11/10 19:42:37.9,,OK,0,0
2023/11/10 19:43:14.5,,OK,0,0
2023/11/10 19:43:36.6,,OK,0,0
2023/11/10 19:43:58.8,,OK,0,0
2023/11/10 19:44:26.4,,OK,0,0
2023/11/10 19:44:53.2,,OK,0,0
2023/11/10 19:45:29.2,,OK,0,0
2023/11/10 19:45:56.6,,OK,0,0
2023/11/10 19:46:20.2,,OK,0,0
2023/11/10 19:46:46.2,,OK,0,0
2023/11/10 19:47:20.2,,OK,0,0
2023/11/10 19:47:47.9,,OK,0,0
2023/11/10 19:48:42.2,,OK,0,0
2023/11/10 19:49:22.2,,OK,0,0
2023/11/10 19:50:09.3,,OK,0,0
2023/11/10 19:51:06.3,,OK,0,0
2023/11/10 19:51:35.9,,OK,0,0
2023/11/10 19:52:02.6,,OK,0,0
2023/11/10 19:52:24.4,,NG,0,0
2023/11/10 19:52:51.6,,OK,0,0
2023/11/10 19:53:19.0,,OK,0,0
2023/11/10 19:53:45.7,,OK,0,0
2023/11/10 19:54:13.9,,OK,0,0
2023/11/10 19:54:38.1,,OK,0,0
2023/11/10 19:55:09.4,,OK,0,0
2023/11/10 19:55:33.2,,OK,0,0
2023/11/10 19:56:03.0,,OK,0,0
2023/11/10 19:56:35.3,,OK,0,0
2023/11/10 19:57:02.5,,OK,0,0
2023/11/10 19:57:22.1,,OK,0,0
2023/11/10 19:57:43.6,,OK,0,0
2023/11/10 19:58:08.2,,OK,0,0
2023/11/10 19:58:33.6,,OK,0,0
2023/11/10 19:59:00.1,,OK,0,0
2023/11/10 19:59:26.7,,OK,0,0
2023/11/10 19:59:50.0,,OK,0,0
2023/11/10 20:10:56.7,,OK,0,0
2023/11/10 20:11:25.1,,OK,0,0
2023/11/10 20:11:52.7,,OK,0,0
2023/11/10 20:12:23.9,,OK,0,0
2023/11/10 20:12:54.4,,OK,0,0
2023/11/10 20:13:14.0,,OK,0,0
2023/11/10 20:13:37.1,,OK,0,0
2023/11/10 20:14:03.9,,OK,0,0
2023/11/10 20:14:28.9,,NG,0,0
2023/11/10 20:14:57.0,,OK,0,0
2023/11/10 20:15:22.0,,OK,0,0
2023/11/10 20:15:48.2,,OK,0,0
2023/11/10 20:16:15.5,,OK,0,0
2023/11/10 20:16:41.9,,OK,0,0
2023/11/10 20:17:08.3,,OK,0,0
2023/11/10 20:17:39.2,,OK,0,0
2023/11/10 20:18:02.0,,OK,0,0
2023/11/10 20:18:40.0,,OK,0,0
2023/11/10 20:19:00.7,,OK,0,0
2023/11/10 20:19:24.2,,OK,0,0
2023/11/10 20:19:49.3,,OK,0,0
2023/11/10 20:20:14.7,,OK,0,0
2023/11/10 20:20:42.8,,OK,0,0
2023/11/10 20:21:31.5,,OK,0,0
2023/11/10 20:21:55.3,,OK,0,0
2023/11/10 20:22:25.6,,OK,0,0
2023/11/10 20:23:07.8,,OK,0,0
2023/11/10 20:23:35.0,,OK,0,0
2023/11/10 20:23:59.5,,OK,0,0
2023/11/10 20:24:27.9,,OK,0,0
2023/11/10 20:24:57.5,,OK,0,0
2023/11/10 20:25:21.6,,OK,0,0
2023/11/10 20:25:47.0,,OK,0,0
2023/11/10 20:26:13.7,,OK,0,0
2023/11/10 20:26:39.6,,NG,0,0
2023/11/10 20:27:06.3,,OK,0,0
2023/11/10 20:27:30.7,,OK,0,0
2023/11/10 20:27:59.8,,OK,0,0
2023/11/10 20:28:23.4,,OK,0,0
2023/11/10 20:28:47.5,,OK,0,0
2023/11/10 20:29:30.7,,OK,0,0
2023/11/10 20:29:57.2,,OK,0,0
2023/11/10 20:30:26.7,,OK,0,0
2023/11/10 20:30:57.7,,OK,0,0
2023/11/10 20:31:27.0,,OK,0,0
2023/11/10 20:31:46.4,,OK,0,0
2023/11/10 20:32:27.3,,OK,0,0
2023/11/10 20:32:55.3,,OK,0,0
2023/11/10 20:33:45.7,,OK,0,0
2023/11/10 20:34:54.1,,OK,0,0
2023/11/10 20:35:28.0,,OK,0,0
2023/11/10 20:35:52.6,,OK,0,0
2023/11/10 20:36:19.4,,OK,0,0
2023/11/10 20:36:50.2,,OK,0,0
2023/11/10 20:37:12.7,,OK,0,0
2023/11/10 20:37:40.3,,OK,0,0
2023/11/10 20:38:08.4,,OK,0,0
2023/11/10 20:38:31.3,,OK,0,0
2023/11/10 20:38:57.3,,OK,0,0
2023/11/10 20:39:25.8,,OK,0,0
2023/11/10 20:39:50.2,,NG,0,0
2023/11/10 20:40:21.5,,OK,0,0
2023/11/10 20:40:44.3,,OK,0,0
2023/11/10 20:41:11.1,,OK,0,0
2023/11/10 20:41:37.4,,OK,0,0
2023/11/10 20:42:01.3,,OK,0,0
2023/11/10 20:42:47.6,,OK,0,0
2023/11/10 20:43:11.2,,OK,0,0
2023/11/10 20:43:36.7,,OK,0,0
2023/11/10 20:44:06.4,,OK,0,0
2023/11/10 20:44:31.9,,OK,0,0
2023/11/10 20:44:57.7,,OK,0,0
2023/11/10 20:45:22.2,,OK,0,0
2023/11/10 20:46:18.0,,OK,0,0
2023/11/10 20:46:47.0,,OK,0,0
2023/11/10 20:47:42.0,,OK,0,0
2023/11/10 20:48:07.9,,OK,0,0
2023/11/10 20:48:35.9,,OK,0,0
2023/11/10 20:48:59.2,,OK,0,0
2023/11/10 20:49:30.0,,OK,0,0
2023/11/10 20:49:52.0,,OK,0,0
2023/11/10 20:50:19.4,,OK,0,0
2023/11/10 20:50:46.0,,OK,0,0
2023/11/10 20:51:16.9,,OK,0,0
2023/11/10 20:51:41.5,,OK,0,0
2023/11/10 20:52:25.5,,OK,0,0
2023/11/10 20:52:54.8,,NG,0,0
2023/11/10 20:53:23.2,,OK,0,0
2023/11/10 20:53:47.5,,OK,0,0
2023/11/10 20:54:13.5,,OK,0,0
2023/11/10 20:54:38.4,,OK,0,0
2023/11/10 20:55:02.6,,OK,0,0
2023/11/10 20:55:26.8,,OK,0,0
2023/11/10 20:55:53.2,,OK,0,0
2023/11/10 20:56:19.4,,OK,0,0
2023/11/10 20:57:32.3,,OK,0,0
2023/11/10 20:58:20.6,,OK,0,0
2023/11/10 20:58:46.4,,OK,0,0
2023/11/10 20:59:05.8,,OK,0,0
2023/11/10 20:59:30.7,,OK,0,0
2023/11/10 20:59:55.3,,OK,0,0
2023/11/10 21:00:26.1,,OK,0,0
2023/11/10 21:00:52.8,,OK,0,0
2023/11/10 21:01:20.0,,OK,0,0
2023/11/10 21:01:44.9,,OK,0,0
2023/11/10 21:02:14.0,,OK,0,0
2023/11/10 21:02:38.7,,OK,0,0
2023/11/10 21:03:05.5,,OK,0,0
2023/11/10 21:07:27.1,,OK,0,0
2023/11/10 21:08:30.0,,OK,0,0
2023/11/10 21:08:58.8,,OK,0,0
2023/11/10 21:09:23.3,,OK,0,0
2023/11/10 21:09:49.6,,NG,0,0
2023/11/10 21:11:50.6,,OK,0,0
2023/11/10 21:12:15.5,,OK,0,0
2023/11/10 21:12:42.1,,OK,0,0
2023/11/10 21:13:11.0,,OK,0,0
2023/11/10 21:13:34.6,,OK,0,0
2023/11/10 21:14:02.1,,OK,0,0
2023/11/10 21:14:30.1,,OK,0,0
2023/11/10 21:14:53.3,,OK,0,0
2023/11/10 21:15:30.9,,OK,0,0
2023/11/10 21:15:56.0,,OK,0,0
2023/11/10 21:16:29.5,,OK,0,0
2023/11/10 21:16:55.5,,OK,0,0
2023/11/10 21:17:20.9,,OK,0,0
2023/11/10 21:17:58.3,,OK,0,0
2023/11/10 21:18:28.2,,OK,0,0
2023/11/10 21:18:48.3,,OK,0,0
2023/11/10 21:19:11.5,,OK,0,0
2023/11/10 21:19:37.1,,OK,0,0
2023/11/10 21:20:03.4,,OK,0,0
2023/11/10 21:20:27.2,,OK,0,0
2023/11/10 21:20:55.5,,OK,0,0
2023/11/10 21:21:30.2,,OK,0,0
2023/11/10 21:21:49.8,,OK,0,0
2023/11/10 21:22:16.1,,OK,0,0
2023/11/10 21:22:41.3,,OK,0,0
2023/11/10 21:23:07.7,,NG,0,0
2023/11/10 21:23:38.3,,OK,0,0
2023/11/10 21:24:00.5,,OK,0,0
2023/11/10 21:24:27.2,,OK,0,0
2023/11/10 21:24:56.2,,OK,0,0
2023/11/10 21:25:20.1,,OK,0,0
2023/11/10 21:25:44.9,,OK,0,0
2023/11/10 21:26:13.8,,OK,0,0
2023/11/10 21:26:40.9,,OK,0,0
2023/11/10 21:27:31.9,,OK,0,0
2023/11/10 21:27:52.3,,OK,0,0
2023/11/10 21:28:19.4,,OK,0,0
2023/11/10 21:28:43.8,,OK,0,0
2023/11/10 21:29:08.5,,OK,0,0
2023/11/10 21:29:39.4,,OK,0,0
2023/11/10 21:30:28.4,,OK,0,0
2023/11/10 21:30:57.9,,OK,0,0
2023/11/10 21:31:21.1,,OK,0,0
2023/11/10 21:31:55.5,,OK,0,0
2023/11/10 21:32:25.5,,OK,0,0
2023/11/10 21:32:48.4,,OK,0,0
2023/11/10 21:33:14.4,,OK,0,0
2023/11/10 21:33:39.6,,OK,0,0
2023/11/10 21:34:20.4,,OK,0,0
2023/11/10 21:34:45.9,,OK,0,0
2023/11/10 21:35:10.6,,OK,0,0
2023/11/10 21:35:35.6,,NG,0,0
2023/11/10 21:36:17.9,,OK,0,0
2023/11/10 21:36:40.4,,OK,0,0
2023/11/10 21:37:20.5,,OK,0,0
2023/11/10 21:37:44.6,,OK,0,0
2023/11/10 21:38:21.8,,OK,0,0
2023/11/10 21:38:46.7,,OK,0,0
2023/11/10 21:39:23.3,,OK,0,0
2023/11/10 21:39:48.7,,OK,0,0
2023/11/10 21:40:51.0,,OK,0,0
2023/11/10 21:41:42.5,,OK,0,0
2023/11/10 21:42:04.7,,OK,0,0
2023/11/10 21:42:29.0,,OK,0,0
2023/11/10 21:42:55.6,,OK,0,0
2023/11/10 21:43:23.3,,OK,0,0
2023/11/10 21:43:52.1,,OK,0,0
2023/11/10 21:44:17.3,,OK,0,0
2023/11/10 21:44:42.4,,OK,0,0
2023/11/10 21:45:06.4,,OK,0,0
2023/11/10 21:46:02.5,,OK,0,0
2023/11/10 21:46:29.4,,OK,0,0
2023/11/10 21:47:14.1,,OK,0,0
2023/11/10 21:47:35.3,,OK,0,0
2023/11/10 21:48:04.5,,OK,0,0
2023/11/10 21:48:25.9,,OK,0,0
2023/11/10 21:48:51.0,,OK,0,0
2023/11/10 21:49:13.8,,NG,0,0
2023/11/10 21:49:39.1,,OK,0,0
2023/11/10 21:50:01.4,,OK,0,0
2023/11/10 21:50:33.2,,OK,0,0
2023/11/10 21:50:55.8,,OK,0,0
2023/11/10 21:51:18.1,,OK,0,0
2023/11/10 21:51:43.3,,OK,0,0
2023/11/10 21:52:08.6,,OK,0,0
2023/11/10 21:53:18.5,,OK,0,0
2023/11/10 21:53:58.8,,OK,0,0
2023/11/10 21:54:18.8,,OK,0,0
2023/11/10 21:54:51.1,,OK,0,0
2023/11/10 21:55:14.8,,OK,0,0
2023/11/10 21:55:42.2,,OK,0,0
2023/11/10 21:56:09.8,,OK,0,0
2023/11/10 22:03:07.6,,OK,0,0
2023/11/10 22:04:15.1,,OK,0,0
2023/11/10 22:04:44.8,,OK,0,0
2023/11/10 22:05:09.8,,OK,0,0
2023/11/10 22:05:36.2,,OK,0,0
2023/11/10 22:06:08.3,,OK,0,0
2023/11/10 22:06:33.8,,OK,0,0
2023/11/10 22:07:02.5,,OK,0,0
2023/11/10 22:07:27.3,,OK,0,0
2023/11/10 22:08:04.6,,OK,0,0
2023/11/10 22:08:28.1,,OK,0,0
2023/11/10 22:08:54.3,,NG,0,0
2023/11/10 22:09:20.2,,OK,0,0
2023/11/10 22:09:45.4,,OK,0,0
2023/11/10 22:10:11.2,,OK,0,0
2023/11/10 22:10:36.3,,OK,0,0
2023/11/10 22:10:59.9,,OK,0,0
2023/11/10 22:11:24.8,,OK,0,0
2023/11/10 22:11:46.8,,OK,0,0
2023/11/10 22:12:09.8,,OK,0,0
2023/11/10 22:12:41.7,,OK,0,0
2023/11/10 22:13:07.9,,OK,0,0
2023/11/10 22:13:27.7,,OK,0,0
2023/11/10 22:13:51.3,,OK,0,0
2023/11/10 22:14:15.6,,OK,0,0
2023/11/10 22:14:47.7,,OK,0,0
2023/11/10 22:15:20.6,,OK,0,0
2023/11/10 22:15:44.3,,OK,0,0
2023/11/10 22:16:08.8,,OK,0,0
2023/11/10 22:16:34.1,,OK,0,0
2023/11/10 22:17:03.7,,OK,0,0
2023/11/10 22:17:27.0,,OK,0,0
2023/11/10 22:17:55.5,,OK,0,0
2023/11/10 22:18:32.2,,OK,0,0
2023/11/10 22:19:25.1,,OK,0,0
2023/11/10 22:19:44.6,,OK,0,0
2023/11/10 22:20:09.1,,OK,0,0
2023/11/10 22:20:35.5,,NG,0,0
2023/11/10 22:21:53.9,,OK,0,0
2023/11/10 22:22:17.5,,OK,0,0
2023/11/10 22:22:43.1,,OK,0,0
2023/11/10 22:23:07.3,,OK,0,0
2023/11/10 22:23:34.4,,OK,0,0
2023/11/10 22:23:59.8,,OK,0,0
2023/11/10 22:24:25.4,,OK,0,0
2023/11/10 22:25:03.5,,OK,0,0
2023/11/10 22:25:28.2,,OK,0,0
2023/11/10 22:25:51.4,,OK,0,0
2023/11/10 22:26:16.3,,OK,0,0
2023/11/10 22:26:40.6,,OK,0,0
2023/11/10 22:27:04.6,,OK,0,0
2023/11/10 22:27:35.6,,OK,0,0
2023/11/10 22:27:55.9,,OK,0,0
2023/11/10 22:28:18.7,,OK,0,0
2023/11/10 22:28:48.0,,OK,0,0
2023/11/10 22:29:07.3,,OK,0,0
2023/11/10 22:29:31.7,,OK,0,0
2023/11/10 22:29:54.7,,OK,0,0
2023/11/10 22:30:21.4,,OK,0,0
2023/11/10 22:30:47.7,,OK,0,0
2023/11/10 22:31:25.2,,OK,0,0
2023/11/10 22:31:44.8,,OK,0,0
2023/11/10 22:33:02.4,,OK,0,0
2023/11/10 22:33:27.7,,NG,0,0
2023/11/10 22:34:44.2,,OK,0,0
2023/11/10 22:35:08.9,,OK,0,0
2023/11/10 22:35:33.6,,OK,0,0
2023/11/10 22:36:01.6,,OK,0,0
2023/11/10 22:36:31.3,,OK,0,0
2023/11/10 22:36:55.9,,OK,0,0
2023/11/10 22:37:25.6,,OK,0,0
2023/11/10 22:37:49.7,,OK,0,0
2023/11/10 22:38:23.1,,OK,0,0
2023/11/10 22:39:06.5,,OK,0,0
2023/11/10 22:39:26.0,,OK,0,0
2023/11/10 22:39:49.7,,OK,0,0
2023/11/10 22:40:19.5,,OK,0,0
2023/11/10 22:40:40.0,,OK,0,0
2023/11/10 22:41:06.1,,OK,0,0
2023/11/10 22:41:36.0,,OK,0,0
2023/11/10 22:41:56.0,,OK,0,0
2023/11/10 22:42:24.4,,OK,0,0
2023/11/10 22:42:50.6,,OK,0,0
2023/11/10 22:43:18.5,,OK,0,0
2023/11/10 22:43:44.0,,OK,0,0
2023/11/10 22:44:12.6,,OK,0,0
2023/11/10 22:44:32.3,,OK,0,0
2023/11/10 22:45:01.6,,OK,0,0
2023/11/10 22:45:21.2,,OK,0,0
2023/11/10 22:45:44.4,,NG,0,0
2023/11/10 22:46:10.7,,OK,0,0
2023/11/10 22:46:32.3,,OK,0,0
2023/11/10 22:47:00.0,,OK,0,0
2023/11/10 22:47:27.7,,OK,0,0
2023/11/10 22:48:05.0,,OK,0,0
2023/11/10 22:48:32.7,,OK,0,0
2023/11/10 22:49:00.2,,OK,0,0
2023/11/10 22:49:29.4,,OK,0,0
2023/11/10 22:50:05.5,,OK,0,0
2023/11/10 22:50:30.4,,OK,0,0
2023/11/10 22:50:55.1,,OK,0,0
2023/11/10 22:51:19.4,,OK,0,0
2023/11/10 22:51:43.8,,OK,0,0
2023/11/10 22:52:09.5,,OK,0,0
2023/11/10 22:55:10.4,,OK,0,0
2023/11/10 22:55:36.7,,OK,0,0
2023/11/10 22:55:59.2,,OK,0,0
2023/11/10 22:56:24.4,,OK,0,0
2023/11/10 22:56:51.0,,OK,0,0
2023/11/10 22:57:15.5,,OK,0,0
2023/11/10 22:57:42.8,,OK,0,0
2023/11/10 22:58:21.7,,OK,0,0
2023/11/10 22:58:50.6,,OK,0,0
2023/11/10 22:59:11.6,,OK,0,0
2023/11/10 22:59:36.4,,OK,0,0
2023/11/10 23:00:01.2,,NG,0,0
2023/11/10 23:00:26.5,,OK,0,0
2023/11/10 23:00:50.6,,OK,0,0
2023/11/10 23:01:15.5,,OK,0,0
2023/11/10 23:01:41.7,,OK,0,0
2023/11/10 23:02:16.5,,OK,0,0
2023/11/10 23:02:52.1,,OK,0,0
2023/11/10 23:03:17.1,,OK,0,0
2023/11/10 23:03:43.6,,OK,0,0
2023/11/10 23:04:16.8,,OK,0,0
2023/11/10 23:04:40.6,,OK,0,0
2023/11/10 23:05:06.4,,OK,0,0
2023/11/10 23:05:29.1,,OK,0,0
2023/11/10 23:05:53.7,,OK,0,0
2023/11/10 23:06:18.2,,OK,0,0
2023/11/10 23:06:41.2,,OK,0,0
2023/11/10 23:07:04.8,,OK,0,0
2023/11/10 23:07:27.5,,OK,0,0
2023/11/10 23:07:51.3,,OK,0,0
2023/11/10 23:08:18.1,,OK,0,0
2023/11/10 23:08:40.9,,OK,0,0
2023/11/10 23:09:13.0,,OK,0,0
2023/11/10 23:09:32.7,,OK,0,0
2023/11/10 23:10:18.9,,OK,0,0
2023/11/10 23:11:04.6,,OK,0,0
2023/11/10 23:12:03.8,,OK,0,0
2023/11/10 23:12:36.7,,NG,0,0
2023/11/10 23:12:56.2,,OK,0,0
2023/11/10 23:13:20.6,,OK,0,0
2023/11/10 23:14:07.5,,OK,0,0
2023/11/10 23:14:33.6,,OK,0,0
2023/11/10 23:15:48.8,,OK,0,0
2023/11/10 23:16:21.3,,OK,0,0
2023/11/10 23:16:48.3,,OK,0,0
2023/11/10 23:17:13.6,,OK,0,0
2023/11/10 23:17:57.2,,OK,0,0
2023/11/10 23:18:18.5,,OK,0,0
2023/11/10 23:18:40.0,,OK,0,0
2023/11/10 23:19:06.3,,OK,0,0
2023/11/10 23:19:30.9,,OK,0,0
2023/11/10 23:19:57.6,,OK,0,0
2023/11/10 23:20:22.2,,OK,0,0
2023/11/10 23:20:47.3,,OK,0,0
2023/11/10 23:21:09.4,,OK,0,0
2023/11/10 23:21:33.6,,OK,0,0
2023/11/10 23:21:59.3,,OK,0,0
2023/11/10 23:22:20.8,,OK,0,0
2023/11/10 23:22:47.7,,OK,0,0
2023/11/10 23:23:08.1,,OK,0,0
2023/11/10 23:23:27.8,,OK,0,0
2023/11/10 23:23:53.1,,OK,0,0
2023/11/10 23:24:15.0,,OK,0,0
2023/11/10 23:24:40.2,,NG,0,0
2023/11/10 23:25:03.5,,OK,0,0
2023/11/10 23:25:28.5,,OK,0,0
2023/11/10 23:25:56.3,,OK,0,0
2023/11/10 23:26:20.9,,OK,0,0
2023/11/10 23:27:06.6,,OK,0,0
2023/11/10 23:27:34.4,,OK,0,0
2023/11/10 23:28:03.1,,OK,0,0
2023/11/10 23:28:42.6,,OK,0,0
2023/11/10 23:29:15.1,,OK,0,0
2023/11/10 23:29:39.7,,OK,0,0
2023/11/10 23:30:03.1,,OK,0,0
2023/11/10 23:30:27.6,,OK,0,0
2023/11/10 23:30:53.6,,OK,0,0
2023/11/10 23:31:21.3,,OK,0,0
2023/11/10 23:31:47.1,,OK,0,0
2023/11/10 23:32:13.7,,OK,0,0
2023/11/10 23:32:38.5,,OK,0,0
2023/11/10 23:33:00.4,,OK,0,0
2023/11/10 23:33:28.5,,OK,0,0
2023/11/10 23:33:51.2,,OK,0,0
2023/11/10 23:34:22.2,,OK,0,0
2023/11/10 23:34:47.5,,OK,0,0
2023/11/10 23:35:06.8,,OK,0,0
2023/11/10 23:35:32.3,,OK,0,0
2023/11/10 23:35:55.5,,OK,0,0
2023/11/10 23:36:20.6,,NG,0,0
2023/11/10 23:36:47.5,,OK,0,0
2023/11/10 23:37:11.1,,OK,0,0
2023/11/10 23:37:37.8,,OK,0,0
2023/11/10 23:38:00.9,,OK,0,0
2023/11/10 23:38:27.2,,OK,0,0
2023/11/10 23:38:52.7,,OK,0,0
2023/11/10 23:39:28.5,,OK,0,0
2023/11/10 23:40:04.7,,OK,0,0
2023/11/10 23:41:15.8,,OK,0,0
2023/11/10 23:41:42.4,,OK,0,0
2023/11/10 23:42:10.7,,OK,0,0
2023/11/10 23:42:35.2,,OK,0,0
2023/11/10 23:43:00.5,,OK,0,0
2023/11/10 23:43:23.4,,OK,0,0
2023/11/10 23:43:48.8,,OK,0,0
2023/11/10 23:44:14.0,,OK,0,0
2023/11/10 23:44:40.3,,OK,0,0
2023/11/10 23:45:05.1,,OK,0,0
2023/11/10 23:45:35.0,,OK,0,0
2023/11/10 23:45:57.4,,OK,0,0
2023/11/10 23:46:25.3,,OK,0,0
2023/11/10 23:46:54.3,,OK,0,0
2023/11/10 23:47:20.3,,OK,0,0
2023/11/10 23:47:45.6,,OK,0,0
2023/11/10 23:48:09.2,,OK,0,0
2023/11/10 23:48:35.0,,NG,0,0
2023/11/10 23:49:02.0,,OK,0,0
2023/11/10 23:49:25.8,,OK,0,0
2023/11/10 23:49:50.0,,OK,0,0
2023/11/10 23:50:15.7,,OK,0,0
2023/11/10 23:50:45.8,,OK,0,0
2023/11/10 23:51:08.5,,OK,0,0
2023/11/10 23:51:49.7,,OK,0,0
2023/11/10 23:52:16.5,,OK,0,0
2023/11/10 23:53:06.3,,OK,0,0
2023/11/10 23:54:01.8,,OK,0,0
2023/11/10 23:54:26.1,,OK,0,0
2023/11/10 23:54:51.0,,OK,0,0
2023/11/10 23:55:16.1,,OK,0,0
2023/11/10 23:55:40.9,,OK,0,0
2023/11/10 23:56:43.5,,OK,0,0
2023/11/10 23:57:25.4,,OK,0,0
2023/11/10 23:57:51.1,,OK,0,0
2023/11/10 23:58:15.4,,OK,0,0
2023/11/10 23:59:14.5,,OK,0,0
2023/11/10 23:59:38.0,,OK,0,0
2023/11/11 00:00:07.4,,OK,0,0
2023/11/11 00:11:27.5,,OK,0,0
2023/11/11 00:11:57.5,,OK,0,0
2023/11/11 00:12:21.1,,OK,0,0
2023/11/11 00:12:45.4,,OK,0,0
2023/11/11 00:13:10.5,,NG,0,0
2023/11/11 00:13:37.8,,OK,0,0
2023/11/11 00:14:00.7,,OK,0,0
2023/11/11 00:14:26.1,,OK,0,0
2023/11/11 00:14:51.6,,OK,0,0
2023/11/11 00:15:16.6,,OK,0,0
2023/11/11 00:15:44.5,,OK,0,0
2023/11/11 00:16:11.4,,OK,0,0
2023/11/11 00:16:34.0,,OK,0,0
2023/11/11 00:17:08.0,,OK,0,0
2023/11/11 00:17:31.6,,OK,0,0
2023/11/11 00:17:54.4,,OK,0,0
2023/11/11 00:18:19.0,,OK,0,0
2023/11/11 00:18:45.1,,OK,0,0
2023/11/11 00:19:10.6,,OK,0,0
2023/11/11 00:19:37.9,,OK,0,0
2023/11/11 00:20:01.8,,OK,0,0
2023/11/11 00:20:28.5,,OK,0,0
2023/11/11 00:20:51.3,,OK,0,0
2023/11/11 00:21:20.1,,OK,0,0
2023/11/11 00:21:44.8,,OK,0,0
2023/11/11 00:22:11.0,,OK,0,0
2023/11/11 00:22:45.7,,OK,0,0
2023/11/11 00:23:35.0,,OK,0,0
2023/11/11 00:24:01.6,,OK,0,0
2023/11/11 00:24:28.4,,OK,0,0
2023/11/11 00:24:53.5,,NG,0,0
2023/11/11 00:25:22.5,,OK,0,0
2023/11/11 00:25:46.6,,OK,0,0
2023/11/11 00:26:15.6,,OK,0,0
2023/11/11 00:26:40.4,,OK,0,0
2023/11/11 00:27:26.7,,OK,0,0
2023/11/11 00:27:50.3,,OK,0,0
2023/11/11 00:28:15.2,,OK,0,0
2023/11/11 00:28:43.2,,OK,0,0
2023/11/11 00:29:24.9,,OK,0,0
2023/11/11 00:29:46.1,,OK,0,0
2023/11/11 00:30:10.5,,OK,0,0
2023/11/11 00:30:35.4,,OK,0,0
2023/11/11 00:31:02.7,,OK,0,0
2023/11/11 00:31:31.3,,OK,0,0
2023/11/11 00:31:55.0,,OK,0,0
2023/11/11 00:32:17.7,,OK,0,0
2023/11/11 00:32:42.4,,OK,0,0
2023/11/11 00:33:07.5,,OK,0,0
2023/11/11 00:33:35.5,,OK,0,0
2023/11/11 00:34:00.1,,OK,0,0
2023/11/11 00:34:30.9,,OK,0,0
2023/11/11 00:34:56.0,,OK,0,0
2023/11/11 00:35:26.8,,OK,0,0
2023/11/11 00:35:49.7,,OK,0,0
2023/11/11 00:36:18.8,,OK,0,0
2023/11/11 00:36:38.7,,NG,0,0
2023/11/11 00:37:04.4,,OK,0,0
2023/11/11 00:37:29.3,,OK,0,0
2023/11/11 00:38:27.5,,OK,0,0
2023/11/11 00:38:53.1,,OK,0,0
2023/11/11 00:39:22.2,,OK,0,0
2023/11/11 00:39:49.8,,OK,0,0
2023/11/11 00:40:17.8,,OK,0,0
2023/11/11 00:40:44.2,,OK,0,0
2023/11/11 00:41:13.5,,OK,0,0
2023/11/11 00:41:35.7,,OK,0,0
2023/11/11 00:42:01.3,,OK,0,0
2023/11/11 00:42:26.9,,OK,0,0
2023/11/11 00:42:52.9,,OK,0,0
2023/11/11 00:43:17.1,,OK,0,0
2023/11/11 00:43:50.6,,OK,0,0
2023/11/11 00:44:16.0,,OK,0,0
2023/11/11 00:44:43.4,,OK,0,0
2023/11/11 00:45:33.1,,OK,0,0
2023/11/11 00:46:00.0,,OK,0,0
2023/11/11 00:46:22.4,,OK,0,0
2023/11/11 00:47:43.9,,OK,0,0
2023/11/11 00:48:11.6,,OK,0,0
2023/11/11 00:48:36.5,,OK,0,0
2023/11/11 00:48:59.4,,OK,0,0
2023/11/11 00:50:02.4,,OK,0,0
2023/11/11 00:50:28.1,,NG,0,0
2023/11/11 00:50:53.8,,OK,0,0
2023/11/11 00:51:19.0,,OK,0,0
2023/11/11 00:52:21.3,,OK,0,0
2023/11/11 00:52:46.3,,OK,0,0
2023/11/11 00:53:13.6,,OK,0,0
2023/11/11 00:53:39.3,,OK,0,0
2023/11/11 00:54:06.6,,OK,0,0
2023/11/11 00:54:36.8,,OK,0,0
2023/11/11 00:55:03.9,,OK,0,0
2023/11/11 00:55:37.4,,OK,0,0
2023/11/11 00:55:57.4,,OK,0,0
2023/11/11 00:56:20.8,,OK,0,0
2023/11/11 00:56:45.2,,OK,0,0
2023/11/11 00:57:12.9,,OK,0,0
2023/11/11 00:57:39.4,,OK,0,0
2023/11/11 00:58:03.9,,OK,0,0
2023/11/11 00:58:32.4,,OK,0,0
2023/11/11 00:58:53.8,,OK,0,0
2023/11/11 01:00:05.9,,OK,0,0
2023/11/11 01:00:31.4,,OK,0,0
2023/11/11 01:01:05.9,,OK,0,0
2023/11/11 01:01:25.5,,OK,0,0
2023/11/11 01:01:51.9,,OK,0,0
2023/11/11 01:02:17.8,,OK,0,0
2023/11/11 01:02:42.3,,OK,0,0
2023/11/11 01:03:10.1,,NG,0,0
2023/11/11 01:03:38.3,,OK,0,0
2023/11/11 01:04:06.4,,OK,0,0
2023/11/11 01:04:53.8,,OK,0,0
2023/11/11 01:05:20.0,,OK,0,0
2023/11/11 01:05:47.6,,OK,0,0
2023/11/11 01:06:15.3,,OK,0,0
2023/11/11 01:06:40.9,,OK,0,0
2023/11/11 01:07:07.3,,OK,0,0
2023/11/11 01:07:40.5,,OK,0,0
2023/11/11 01:08:08.9,,OK,0,0
2023/11/11 01:08:30.6,,OK,0,0
2023/11/11 01:08:53.9,,OK,0,0
2023/11/11 01:09:19.4,,OK,0,0
2023/11/11 01:09:46.1,,OK,0,0
2023/11/11 01:10:11.9,,OK,0,0
2023/11/11 01:10:36.3,,OK,0,0
2023/11/11 01:11:08.2,,OK,0,0
2023/11/11 01:11:27.7,,OK,0,0
2023/11/11 01:11:54.5,,OK,0,0
2023/11/11 01:12:18.8,,OK,0,0
2023/11/11 01:12:56.9,,OK,0,0
2023/11/11 01:13:28.0,,OK,0,0
2023/11/11 01:13:52.4,,OK,0,0
2023/11/11 01:14:21.2,,OK,0,0
2023/11/11 01:14:43.8,,OK,0,0
2023/11/11 01:15:09.2,,NG,0,0
2023/11/11 01:15:35.2,,OK,0,0
2023/11/11 01:16:00.7,,OK,0,0
2023/11/11 01:16:27.4,,OK,0,0
2023/11/11 01:16:52.0,,OK,0,0
2023/11/11 01:17:26.0,,OK,0,0
2023/11/11 01:18:01.9,,OK,0,0
2023/11/11 01:18:29.1,,OK,0,0
2023/11/11 01:18:55.1,,OK,0,0
2023/11/11 01:19:30.6,,OK,0,0
2023/11/11 01:19:58.6,,OK,0,0
2023/11/11 01:20:48.8,,OK,0,0
2023/11/11 01:21:12.8,,OK,0,0
2023/11/11 01:21:37.0,,OK,0,0
2023/11/11 01:22:02.1,,OK,0,0
2023/11/11 01:23:12.5,,OK,0,0
2023/11/11 01:23:34.9,,OK,0,0
2023/11/11 01:24:00.2,,OK,0,0
2023/11/11 01:24:25.0,,OK,0,0
2023/11/11 01:24:50.7,,OK,0,0
2023/11/11 01:25:16.3,,OK,0,0
2023/11/11 01:25:41.3,,OK,0,0
2023/11/11 01:26:06.9,,OK,0,0
2023/11/11 01:26:31.4,,OK,0,0
2023/11/11 01:26:57.2,,OK,0,0
2023/11/11 01:27:22.0,,OK,0,0
2023/11/11 01:27:46.9,,NG,0,0
2023/11/11 01:29:12.3,,OK,0,0
2023/11/11 01:29:35.9,,OK,0,0
2023/11/11 01:30:45.2,,OK,0,0
2023/11/11 01:31:08.2,,OK,0,0
2023/11/11 01:31:33.7,,NG,0,0
2023/11/11 01:32:00.0,,OK,0,0
2023/11/11 01:32:23.3,,OK,0,0
2023/11/11 01:32:58.5,,OK,0,0
2023/11/11 01:34:04.5,,OK,0,0
2023/11/11 01:34:26.3,,OK,0,0
2023/11/11 01:34:50.2,,OK,0,0
2023/11/11 01:35:15.4,,OK,0,0
2023/11/11 01:37:27.5,,OK,0,0
2023/11/11 01:37:51.4,,OK,0,0
2023/11/11 01:38:39.3,,OK,0,0
2023/11/11 01:39:02.1,,OK,0,0
2023/11/11 01:39:24.9,,OK,0,0
2023/11/11 01:39:47.2,,OK,0,0
2023/11/11 01:40:13.1,,OK,0,0
2023/11/11 01:40:36.0,,OK,0,0
2023/11/11 01:41:00.6,,OK,0,0
2023/11/11 01:41:25.6,,OK,0,0
2023/11/11 01:41:50.3,,OK,0,0
2023/11/11 01:42:16.7,,OK,0,0
2023/11/11 01:42:42.4,,OK,0,0
2023/11/11 01:43:07.2,,NG,0,0
2023/11/11 01:43:34.3,,OK,0,0
2023/11/11 01:43:57.9,,OK,0,0
2023/11/11 01:44:22.3,,OK,0,0
2023/11/11 01:44:46.7,,OK,0,0
2023/11/11 01:45:14.0,,OK,0,0
2023/11/11 01:45:38.8,,OK,0,0
2023/11/11 01:46:06.9,,OK,0,0
2023/11/11 01:46:37.3,,OK,0,0
2023/11/11 01:46:58.3,,OK,0,0
2023/11/11 01:47:26.5,,OK,0,0
2023/11/11 01:47:49.9,,OK,0,0
2023/11/11 01:48:14.2,,OK,0,0
2023/11/11 01:48:39.1,,OK,0,0
2023/11/11 01:49:04.2,,OK,0,0
2023/11/11 01:49:30.4,,OK,0,0
2023/11/11 01:49:54.7,,OK,0,0
2023/11/11 01:50:19.3,,OK,0,0
2023/11/11 01:50:50.6,,OK,0,0
2023/11/11 01:51:22.4,,OK,0,0
2023/11/11 01:51:44.3,,OK,0,0
2023/11/11 01:52:15.2,,OK,0,0
2023/11/11 01:52:47.3,,OK,0,0
2023/11/11 01:53:06.8,,OK,0,0
2023/11/11 01:53:34.6,,OK,0,0
2023/11/11 01:54:03.4,,OK,0,0
2023/11/11 01:54:23.3,,NG,0,0
2023/11/11 01:54:50.5,,OK,0,0
2023/11/11 01:55:14.5,,OK,0,0
2023/11/11 01:55:41.2,,OK,0,0
2023/11/11 01:56:10.4,,OK,0,0
2023/11/11 01:56:48.2,,OK,0,0
2023/11/11 01:57:14.7,,OK,0,0
2023/11/11 01:57:40.7,,OK,0,0
2023/11/11 01:58:09.0,,OK,0,0
2023/11/11 01:59:12.9,,OK,0,0
2023/11/11 01:59:41.4,,OK,0,0
2023/11/11 02:00:01.0,,OK,0,0
2023/11/11 02:45:57.7,,OK,0,0
2023/11/11 02:46:49.6,,OK,0,0
2023/11/11 02:47:17.1,,OK,0,0
2023/11/11 02:47:44.0,,OK,0,0
2023/11/11 02:48:07.2,,OK,0,0
2023/11/11 02:48:39.3,,OK,0,0
2023/11/11 02:48:58.9,,OK,0,0
2023/11/11 02:49:23.2,,OK,0,0
2023/11/11 02:49:47.6,,OK,0,0
2023/11/11 02:50:21.7,,OK,0,0
2023/11/11 02:50:41.3,,OK,0,0
2023/11/11 02:51:13.7,,OK,0,0
2023/11/11 02:51:34.0,,OK,0,0
2023/11/11 02:51:59.0,,OK,0,0
2023/11/11 02:52:24.3,,NG,0,0
2023/11/11 02:52:55.1,,OK,0,0
2023/11/11 02:53:16.0,,OK,0,0
2023/11/11 02:53:45.0,,OK,0,0
2023/11/11 02:54:05.1,,OK,0,0
2023/11/11 02:54:27.8,,OK,0,0
2023/11/11 02:54:57.8,,OK,0,0
2023/11/11 02:55:37.4,,OK,0,0
2023/11/11 02:56:26.9,,OK,0,0
2023/11/11 02:57:20.9,,OK,0,0
2023/11/11 02:57:51.9,,OK,0,0
2023/11/11 02:58:12.1,,OK,0,0
2023/11/11 02:58:36.2,,OK,0,0
2023/11/11 02:59:00.8,,OK,0,0
2023/11/11 02:59:25.0,,OK,0,0
2023/11/11 02:59:53.0,,OK,0,0
2023/11/11 03:00:19.9,,NG,0,0
2023/11/11 03:00:42.6,,OK,0,0
2023/11/11 03:01:06.9,,OK,0,0
2023/11/11 03:01:33.6,,OK,0,0
2023/11/11 03:02:26.5,,OK,0,0
2023/11/11 03:02:51.8,,OK,0,0
2023/11/11 03:03:40.5,,OK,0,0
2023/11/11 03:04:05.8,,OK,0,0
2023/11/11 03:04:50.7,,OK,0,0
2023/11/11 03:05:13.7,,OK,0,0
2023/11/11 03:05:38.3,,NG,0,0
2023/11/11 03:06:05.3,,OK,0,0
2023/11/11 03:06:28.0,,OK,0,0
2023/11/11 03:06:50.7,,NG,0,0
2023/11/11 03:07:15.7,,OK,0,0
2023/11/11 03:07:41.4,,OK,0,0
2023/11/11 03:08:11.1,,OK,0,0
2023/11/11 03:08:46.1,,OK,0,0
2023/11/11 03:09:17.4,,OK,0,0
2023/11/11 03:09:55.7,,OK,0,0
2023/11/11 03:10:25.1,,OK,0,0
2023/11/11 03:10:44.6,,OK,0,0
2023/11/11 03:11:09.7,,OK,0,0
2023/11/11 03:11:33.2,,OK,0,0
2023/11/11 03:12:02.5,,OK,0,0
2023/11/11 03:12:26.3,,OK,0,0
2023/11/11 03:12:50.6,,OK,0,0
2023/11/11 03:13:18.1,,OK,0,0
2023/11/11 03:13:41.4,,OK,0,0
2023/11/11 03:14:09.0,,OK,0,0
2023/11/11 03:14:31.8,,OK,0,0
2023/11/11 03:15:22.0,,OK,0,0
2023/11/11 03:15:45.4,,OK,0,0
2023/11/11 03:16:10.4,,OK,0,0
2023/11/11 03:16:35.0,,OK,0,0
2023/11/11 03:16:59.5,,OK,0,0
2023/11/11 03:17:24.7,,NG,0,0
2023/11/11 03:17:50.1,,OK,0,0
2023/11/11 03:18:14.0,,OK,0,0
2023/11/11 03:18:41.6,,OK,0,0
2023/11/11 03:19:03.8,,OK,0,0
2023/11/11 03:19:31.4,,OK,0,0
2023/11/11 03:19:56.6,,OK,0,0
2023/11/11 03:20:31.2,,NG,0,0
2023/11/11 03:21:03.2,,OK,0,0
2023/11/11 03:21:41.5,,OK,0,0
2023/11/11 03:22:31.5,,OK,0,0
2023/11/11 03:22:57.2,,OK,0,0
2023/11/11 03:23:19.9,,OK,0,0
2023/11/11 03:23:44.4,,OK,0,0
2023/11/11 03:24:09.2,,OK,0,0
2023/11/11 03:24:36.1,,OK,0,0
2023/11/11 03:24:58.8,,OK,0,0
2023/11/11 03:25:22.8,,OK,0,0
2023/11/11 03:25:55.2,,OK,0,0
2023/11/11 03:26:18.6,,OK,0,0
2023/11/11 03:26:40.6,,OK,0,0
2023/11/11 03:27:08.0,,OK,0,0
2023/11/11 03:27:37.4,,OK,0,0
2023/11/11 03:28:37.9,,OK,0,0
2023/11/11 03:29:03.8,,OK,0,0
2023/11/11 03:29:28.0,,OK,0,0
2023/11/11 03:29:52.7,,NG,0,0
2023/11/11 03:30:20.0,,OK,0,0
2023/11/11 03:30:45.3,,OK,0,0
2023/11/11 03:32:15.7,,OK,0,0
2023/11/11 03:32:41.3,,OK,0,0
2023/11/11 03:33:10.2,,OK,0,0
2023/11/11 03:33:36.0,,OK,0,0
2023/11/11 03:34:13.8,,OK,0,0
2023/11/11 03:34:46.6,,OK,0,0
2023/11/11 03:35:08.1,,OK,0,0
2023/11/11 03:35:35.2,,OK,0,0
2023/11/11 03:36:47.7,,OK,0,0
2023/11/11 03:37:12.3,,OK,0,0
2023/11/11 03:37:37.6,,OK,0,0
2023/11/11 03:38:03.0,,OK,0,0
2023/11/11 03:38:30.7,,OK,0,0
2023/11/11 03:38:55.7,,OK,0,0
2023/11/11 03:40:02.7,,OK,0,0
2023/11/11 03:40:27.4,,OK,0,0
2023/11/11 03:40:53.8,,OK,0,0
2023/11/11 03:41:16.8,,OK,0,0
2023/11/11 03:41:42.3,,OK,0,0
2023/11/11 03:42:05.5,,OK,0,0
2023/11/11 03:42:27.5,,OK,0,0
2023/11/11 03:42:52.2,,OK,0,0
2023/11/11 03:43:14.7,,OK,0,0
2023/11/11 03:44:10.4,,NG,0,0
2023/11/11 03:44:30.3,,NG,0,0
2023/11/11 03:44:53.5,,OK,0,0
2023/11/11 03:45:20.7,,OK,0,0
2023/11/11 03:45:44.9,,OK,0,0
2023/11/11 03:46:11.8,,OK,0,0
2023/11/11 03:46:34.1,,OK,0,0
2023/11/11 03:47:27.5,,OK,0,0
2023/11/11 03:47:56.7,,OK,0,0
2023/11/11 03:48:40.1,,OK,0,0
2023/11/11 03:49:01.1,,OK,0,0
2023/11/11 03:49:25.2,,OK,0,0
2023/11/11 03:50:47.5,,OK,0,0
2023/11/11 03:51:09.2,,OK,0,0
2023/11/11 03:51:40.1,,OK,0,0
2023/11/11 03:52:09.3,,OK,0,0
2023/11/11 03:52:32.8,,OK,0,0
2023/11/11 03:52:59.0,,OK,0,0
2023/11/11 03:53:24.7,,OK,0,0
2023/11/11 03:53:53.0,,OK,0,0
2023/11/11 03:54:15.7,,OK,0,0
2023/11/11 03:54:43.6,,OK,0,0
2023/11/11 03:55:13.4,,OK,0,0
2023/11/11 03:55:57.6,,OK,0,0
2023/11/11 03:56:25.9,,OK,0,0
2023/11/11 03:56:48.9,,OK,0,0
2023/11/11 03:57:14.7,,NG,0,0
2023/11/11 03:57:40.4,,OK,0,0
2023/11/11 03:58:04.5,,OK,0,0
2023/11/11 03:58:30.5,,OK,0,0
2023/11/11 03:58:54.9,,OK,0,0
2023/11/11 03:59:17.3,,OK,0,0
2023/11/11 03:59:43.0,,OK,0,0
2023/11/11 04:00:08.6,,OK,0,0
2023/11/11 04:12:26.7,,OK,0,0
2023/11/11 04:12:53.5,,OK,0,0
2023/11/11 04:13:21.0,,OK,0,0
2023/11/11 04:13:46.1,,OK,0,0
2023/11/11 04:14:19.7,,OK,0,0
2023/11/11 04:14:39.4,,OK,0,0
2023/11/11 04:15:14.3,,OK,0,0
2023/11/11 04:15:37.5,,OK,0,0
2023/11/11 04:16:01.4,,NG,0,0
2023/11/11 04:16:29.9,,OK,0,0
2023/11/11 04:16:54.2,,OK,0,0
2023/11/11 04:17:21.3,,OK,0,0
2023/11/11 04:17:44.6,,OK,0,0
2023/11/11 04:18:10.6,,OK,0,0
2023/11/11 04:18:51.9,,OK,0,0
2023/11/11 04:19:16.3,,OK,0,0
2023/11/11 04:19:41.2,,OK,0,0
2023/11/11 04:20:00.8,,OK,0,0
2023/11/11 04:20:24.6,,NG,0,0
2023/11/11 04:20:49.1,,NG,0,0
2023/11/11 04:21:52.1,,OK,0,0
2023/11/11 04:22:18.2,,OK,0,0
2023/11/11 04:22:43.1,,OK,0,0
2023/11/11 04:23:15.8,,OK,0,0
2023/11/11 04:23:39.8,,OK,0,0
2023/11/11 04:24:06.7,,OK,0,0
2023/11/11 04:24:42.5,,OK,0,0
2023/11/11 04:25:18.6,,OK,0,0
2023/11/11 04:25:50.4,,OK,0,0
2023/11/11 04:26:15.3,,OK,0,0
2023/11/11 04:26:40.4,,OK,0,0
2023/11/11 04:27:07.6,,OK,0,0
2023/11/11 04:27:32.0,,OK,0,0
2023/11/11 04:27:57.5,,OK,0,0
2023/11/11 04:28:21.4,,OK,0,0
2023/11/11 04:28:47.3,,OK,0,0
2023/11/11 04:29:11.7,,OK,0,0
2023/11/11 04:29:41.4,,OK,0,0
2023/11/11 04:30:01.3,,OK,0,0
2023/11/11 04:30:26.8,,OK,0,0
2023/11/11 04:30:51.2,,OK,0,0
2023/11/11 04:31:10.5,,OK,0,0
2023/11/11 04:31:35.6,,OK,0,0
2023/11/11 04:31:58.0,,OK,0,0
2023/11/11 04:32:21.8,,NG,0,0
2023/11/11 04:32:45.4,,OK,0,0
2023/11/11 04:33:10.8,,OK,0,0
2023/11/11 04:33:36.9,,OK,0,0
2023/11/11 04:34:02.1,,OK,0,0
2023/11/11 04:34:33.1,,OK,0,0
2023/11/11 04:34:56.3,,OK,0,0
2023/11/11 04:35:22.0,,OK,0,0
2023/11/11 04:35:48.8,,OK,0,0
2023/11/11 04:36:20.7,,OK,0,0
2023/11/11 04:36:51.7,,OK,0,0
2023/11/11 04:37:18.3,,OK,0,0
2023/11/11 04:37:44.7,,OK,0,0
2023/11/11 04:38:11.2,,OK,0,0
2023/11/11 04:38:33.7,,OK,0,0
2023/11/11 04:39:14.1,,OK,0,0
2023/11/11 04:39:38.3,,NG,0,0
2023/11/11 04:41:30.3,,OK,0,0
2023/11/11 04:42:03.6,,OK,0,0
2023/11/11 04:42:31.1,,OK,0,0
2023/11/11 04:42:54.1,,OK,0,0
2023/11/11 04:43:19.4,,OK,0,0
2023/11/11 04:43:47.7,,OK,0,0
2023/11/11 04:44:13.2,,OK,0,0
2023/11/11 04:44:33.2,,OK,0,0
2023/11/11 04:44:57.8,,OK,0,0
2023/11/11 04:45:23.6,,NG,0,0
2023/11/11 04:45:52.7,,OK,0,0
2023/11/11 04:46:16.3,,OK,0,0
2023/11/11 04:46:41.0,,OK,0,0
2023/11/11 04:47:05.0,,OK,0,0
2023/11/11 04:47:54.6,,OK,0,0
2023/11/11 04:48:18.8,,OK,0,0
2023/11/11 04:48:51.3,,OK,0,0
2023/11/11 04:49:19.1,,OK,0,0
2023/11/11 04:49:50.0,,OK,0,0
2023/11/11 04:50:10.4,,OK,0,0
2023/11/11 04:50:34.0,,OK,0,0
2023/11/11 04:50:57.3,,OK,0,0
2023/11/11 04:51:22.6,,OK,0,0
2023/11/11 04:51:47.9,,OK,0,0
2023/11/11 04:52:23.6,,OK,0,0
2023/11/11 04:52:57.2,,OK,0,0
2023/11/11 04:53:21.9,,OK,0,0
2023/11/11 04:53:46.5,,OK,0,0
2023/11/11 04:54:17.0,,OK,0,0
2023/11/11 04:54:41.8,,OK,0,0
2023/11/11 04:55:07.3,,OK,0,0
2023/11/11 04:55:35.8,,OK,0,0
2023/11/11 04:56:01.6,,OK,0,0
2023/11/11 04:56:25.5,,OK,0,0
2023/11/11 04:56:50.1,,OK,0,0
2023/11/11 04:57:14.2,,NG,0,0
2023/11/11 04:57:39.6,,OK,0,0
2023/11/11 04:58:03.5,,OK,0,0
2023/11/11 04:58:29.4,,OK,0,0
2023/11/11 04:59:18.0,,OK,0,0
2023/11/11 04:59:42.7,,OK,0,0
2023/11/11 05:00:10.3,,OK,0,0
2023/11/11 05:00:35.6,,OK,0,0
2023/11/11 05:01:00.1,,OK,0,0
2023/11/11 05:01:31.8,,OK,0,0
2023/11/11 05:02:00.6,,OK,0,0
2023/11/11 05:02:27.9,,OK,0,0
2023/11/11 05:02:51.1,,OK,0,0
2023/11/11 05:03:15.4,,OK,0,0
2023/11/11 05:03:42.0,,OK,0,0
2023/11/11 05:04:07.4,,OK,0,0
2023/11/11 05:04:37.0,,OK,0,0
2023/11/11 05:05:01.8,,OK,0,0
2023/11/11 05:05:25.2,,OK,0,0
2023/11/11 05:05:54.4,,OK,0,0
2023/11/11 05:06:26.6,,OK,0,0
2023/11/11 05:06:54.5,,OK,0,0
2023/11/11 05:07:21.9,,OK,0,0
2023/11/11 05:07:44.3,,OK,0,0
2023/11/11 05:08:11.5,,OK,0,0
2023/11/11 05:08:34.5,,OK,0,0
2023/11/11 05:09:01.0,,NG,0,0
2023/11/11 05:09:27.3,,OK,0,0
2023/11/11 05:09:51.9,,OK,0,0
2023/11/11 05:10:21.0,,OK,0,0
2023/11/11 05:10:46.7,,NG,0,0
2023/11/11 05:11:10.7,,OK,0,0
2023/11/11 05:11:36.5,,OK,0,0
2023/11/11 05:12:01.9,,OK,0,0
2023/11/11 05:12:39.0,,OK,0,0
2023/11/11 05:12:59.9,,OK,0,0
2023/11/11 05:14:07.9,,OK,0,0
2023/11/11 05:14:27.4,,OK,0,0
2023/11/11 05:14:52.7,,OK,0,0
2023/11/11 05:15:16.9,,OK,0,0
2023/11/11 05:15:42.2,,OK,0,0
2023/11/11 05:16:07.7,,OK,0,0
2023/11/11 05:16:31.8,,OK,0,0
2023/11/11 05:16:56.8,,OK,0,0
2023/11/11 05:17:20.8,,OK,0,0
2023/11/11 05:17:49.2,,OK,0,0
2023/11/11 05:18:13.8,,OK,0,0
2023/11/11 05:18:41.4,,OK,0,0
2023/11/11 05:19:08.3,,OK,0,0
2023/11/11 05:20:07.4,,OK,0,0
2023/11/11 05:20:35.0,,OK,0,0
2023/11/11 05:21:02.2,,OK,0,0
2023/11/11 05:21:25.0,,NG,0,0
2023/11/11 05:21:51.8,,OK,0,0
2023/11/11 05:22:15.8,,OK,0,0
2023/11/11 05:22:39.0,,OK,0,0
2023/11/11 05:23:04.6,,OK,0,0
2023/11/11 05:23:29.4,,OK,0,0
2023/11/11 05:23:53.9,,OK,0,0
2023/11/11 05:24:19.5,,OK,0,0
2023/11/11 05:24:49.6,,OK,0,0
2023/11/11 05:25:38.3,,OK,0,0
2023/11/11 05:26:08.4,,OK,0,0
2023/11/11 05:26:28.0,,OK,0,0
2023/11/11 05:26:52.8,,OK,0,0
2023/11/11 05:27:15.8,,OK,0,0
2023/11/11 05:27:41.8,,OK,0,0
2023/11/11 05:28:07.9,,OK,0,0
2023/11/11 05:28:33.1,,OK,0,0
2023/11/11 05:29:37.1,,OK,0,0
2023/11/11 05:30:02.9,,OK,0,0
2023/11/11 05:30:29.7,,OK,0,0
2023/11/11 05:30:57.4,,OK,0,0
2023/11/11 05:31:32.3,,OK,0,0
2023/11/11 05:31:57.3,,OK,0,0
2023/11/11 05:32:24.9,,OK,0,0
2023/11/11 05:32:44.3,,OK,0,0
2023/11/11 05:33:13.4,,OK,0,0
2023/11/11 05:33:33.0,,NG,0,0
2023/11/11 05:33:56.2,,OK,0,0
2023/11/11 05:34:19.2,,OK,0,0
2023/11/11 05:34:45.8,,OK,0,0
2023/11/11 05:35:44.0,,OK,0,0
2023/11/11 05:36:09.4,,OK,0,0
2023/11/11 05:36:35.4,,OK,0,0
2023/11/11 05:39:36.1,,OK,0,0
